time,bandwidth_bps,selected_bitrate_kbps
0,5091683.270957784,400
2,4887048.480239353,400
4,5629077.497456875,400
6,5861251.457004997,3000
8,6027513.828751979,3000
10,6609305.644748254,3000
12,6727523.195819742,3000
14,5764993.375864046,3000
