time,buffer_seconds
0,0.0
2,2.0
4,3.8352344036102295
6,5.69175124168396
8,6.666549921035767
10,7.669880151748657
12,8.76079249382019
14,9.867608308792114
