time,duration,chunk_index
1.430511474609375e-06,0.15810465812683105,0
